{
    "ID": "1234567890",
    "NAME": "de.mannheim.sos.tunnelSAS.analyzer.AnalyzerLogicDummy_Light",
    "DESCRIPTION": "Tunnel logic for analyzing the current light intensity.",
    "LOGIC_TYPE": "ANALYZER",
   	"PROGRAMMING_LANGUAGE": "Java",
   	"DEPENDENCIES": [
   		"de.mannheim.sos.tunnelSAS.analyzer.AnalyzerLogicAbstractDummy",
		"de.mannheim.sos.tunnelSAS.model.Environment",
   		"de.mannheim.sos.tunnelSAS.model.Lamp",
   		"de.mannheim.sos.tunnelSAS.model.Tunnel"
   	],
	"PROPERTIES": [
        {
            "KEY": "SHORT_NAME",
            "VALUE": "AnalyzerLogicDummy_Light"
        }
	]
}