{
	"ID": "1234567890",
    	"NAME": "de.mannheim.sos.tunnelSAS.monitor.MonitorLogicDummy_Light",
    	"DESCRIPTION": "Tunnel logic monitor",
    	"LOGIC_TYPE": "MONITOR",
    	"PROGRAMMING_LANGUAGE": "Java",
   	"DEPENDENCIES": [
   		"de.mannheim.sos.tunnelSAS.monitor.MonitorLogicAbstractDummy",
   		"de.mannheim.sos.tunnelSAS.model.Environment",
   		"de.mannheim.sos.tunnelSAS.model.Lamp",
   		"de.mannheim.sos.tunnelSAS.model.Tunnel"
   	],
	"PROPERTIES": [
        {
            "KEY": "SHORT_NAME",
            "VALUE": "MonitorLogicDummy_Light"
        },{
            "KEY": "TEST",
            "VALUE": "Monitoring_1"
        }
	]
}