{
	"ID": "1234567890",
	"NAME": "de.mannheim.sos.tunnelSAS.planner.PlannerLogicDummy_Light",
	"DESCRIPTION": "Logic for planning the light usage in a tunnel",
	"LOGIC_TYPE": "PLANNER",
	"PROGRAMMING_LANGUAGE": "Java",
	"DEPENDENCIES": [
		"de.mannheim.sos.tunnelSAS.planner.PlannerLogicAbstractDummy",
   		"de.mannheim.sos.tunnelSAS.model.Environment",
   		"de.mannheim.sos.tunnelSAS.model.Lamp",
   		"de.mannheim.sos.tunnelSAS.model.Tunnel",
   		"de.mannheim.sos.tunnelSAS.model.BrightnessDTO"
	],
	"PROPERTIES": [{
		"KEY": "SHORT_NAME",
		"VALUE": "PlannerLogicDummy_Light"
	}]
}