{
	"ID": "1234567890",
    	"NAME": "de.mannheim.wifo2.dummymonitor.MonitorLogicDummy_1Var",
    	"DESCRIPTION": "Dummy Logic for Monitoring 1 parameter",
    	"LOGIC_TYPE": "MONITOR",
    	"PROGRAMMING_LANGUAGE": "Java",
   	"DEPENDENCIES": ["de.mannheim.wifo2.dummymonitor.MonitorLogicAbstractDummy"],
	"PROPERTIES": [
        {
            "KEY": "SHORT_NAME",
            "VALUE": "MonitorLogicDummy_1Var"
        },{
            "KEY": "TEST",
            "VALUE": "Monitoring_1"
        }
    	]
}