{
    "ID": "1234567890",
    "NAME": "de.mannheim.wifo2.dummyanalyzer.AnalyzerLogicDummy_2VarLargerX",
    "DESCRIPTION": "Dummy Logic for analyzing 2 parameters. Analyzed whether the average of the parameters is larger X.",
    "LOGIC_TYPE": "ANALYZER",
    "PROGRAMMING_LANGUAGE": "Java",
   "DEPENDENCIES": ["de.mannheim.wifo2.dummyanalyzer.AnalyzerLogicDummy"],
"PROPERTIES": [
        {
            "KEY": "SHORT_NAME",
            "VALUE": "AnalyzerLogicDummy_2VarLargerX"
        }
	]
}